brand,title,sku,price,capacity,condicao,descricao,images
realme,Bateria Para Realme 5 5i 5s C3 C3i C 11 Blp729,7501,79.9,,novo,"Bateria Para Realme 5 5i 5s C3 C3i C 11 Blp729  

A Energia do seu Celular de Volta. Desempenho que Dura.
 
Lembre-se de quando a bateria do seu celular parecia infinita? Você pode ter essa sensação de volta. A solução definitiva para smartphones que perderam o fôlego: a nossa bateria de reposição de longa duração.

Chega de viver conectado à parede ou depender de power banks. Com esta bateria, você devolve ao seu celular a liberdade e a performance de quando ele era novo. Assista a vídeos, navegue na internet e use seus aplicativos favoritos com a tranquilidade de saber que sua bateria vai acompanhar seu ritmo até o fim do dia.

Por que trocar sua bateria agora?

Revitalize seu Aparelho: Restaure 100% da capacidade de carga e sinta a diferença imediata na performance.

Qualidade Superior: Componentes de primeira linha que garantem ciclos de vida mais longos e uma carga estável e segura.

Instalação Precisa: Feita sob medida para o seu dispositivo, garantindo compatibilidade total e sem adaptações.

Pare de passar nervoso com a bateria em 10%! Invista na longevidade do seu celular. 

Adquira já a sua e sinta a diferença!

Garantia de 90 dias e suporte personalizado","assets/img/products/grupofixo_247_68d2b26f46d5b_imagem_2.jpg, assets/img/products/grupofixo_247_68d2b26f46ebf_imagem_3.jpg, assets/img/products/grupofixo_247_68d2b26f4700a_imagem_4.jpg"
realme,Bateria Para Realme 8i C30s C31 C33 Blp877,7502,139.9,,novo,"Bateria Para Realme 8i C30s C31 C33 Blp877Bateria Para LG K10 2016 Bl-45a1h  

A Energia do seu Celular de Volta. Desempenho que Dura.
 
Lembre-se de quando a bateria do seu celular parecia infinita? Você pode ter essa sensação de volta. A solução definitiva para smartphones que perderam o fôlego: a nossa bateria de reposição de longa duração.

Chega de viver conectado à parede ou depender de power banks. Com esta bateria, você devolve ao seu celular a liberdade e a performance de quando ele era novo. Assista a vídeos, navegue na internet e use seus aplicativos favoritos com a tranquilidade de saber que sua bateria vai acompanhar seu ritmo até o fim do dia.

Por que trocar sua bateria agora?

Revitalize seu Aparelho: Restaure 100% da capacidade de carga e sinta a diferença imediata na performance.

Qualidade Superior: Componentes de primeira linha que garantem ciclos de vida mais longos e uma carga estável e segura.

Instalação Precisa: Feita sob medida para o seu dispositivo, garantindo compatibilidade total e sem adaptações.

Pare de passar nervoso com a bateria em 10%! Invista na longevidade do seu celular. 

Adquira já a sua e sinta a diferença!

Garantia de 90 dias e suporte personalizado","assets/img/products/grupofixo_248_68d2ca7148fef_imagem_1.jpg, assets/img/products/grupofixo_248_68d2ca71492e4_imagem_2.jpg, assets/img/products/grupofixo_248_68d2ca71494d9_imagem_3.jpg"
infinix,Bateria Para Infinix Hot 11 Hot 11 Play Bl-58bx,7503,79.9,,novo,"Bateria Para Infinix Hot 11 Hot 11 Play Bl-58bxBateria Para LG K10 2016 Bl-45a1h  

A Energia do seu Celular de Volta. Desempenho que Dura.
 
Lembre-se de quando a bateria do seu celular parecia infinita? Você pode ter essa sensação de volta. A solução definitiva para smartphones que perderam o fôlego: a nossa bateria de reposição de longa duração.

Chega de viver conectado à parede ou depender de power banks. Com esta bateria, você devolve ao seu celular a liberdade e a performance de quando ele era novo. Assista a vídeos, navegue na internet e use seus aplicativos favoritos com a tranquilidade de saber que sua bateria vai acompanhar seu ritmo até o fim do dia.

Por que trocar sua bateria agora?

Revitalize seu Aparelho: Restaure 100% da capacidade de carga e sinta a diferença imediata na performance.

Qualidade Superior: Componentes de primeira linha que garantem ciclos de vida mais longos e uma carga estável e segura.

Instalação Precisa: Feita sob medida para o seu dispositivo, garantindo compatibilidade total e sem adaptações.

Pare de passar nervoso com a bateria em 10%! Invista na longevidade do seu celular. 

Adquira já a sua e sinta a diferença!

Garantia de 90 dias e suporte personalizado","assets/img/products/grupofixo_249_68d2ca9c3c380_imagem_1.jpg, assets/img/products/grupofixo_249_68d2ca9c3c72d_imagem_2.jpg, assets/img/products/grupofixo_249_68d2ca9c3c9a8_imagem_3.jpg"
realme,Bateria Para Realme C53 Rmx3760 Blpa17,7504,89.9,,novo,"Bateria Para Realme C53 Rmx3760 Blpa17Bateria Para LG K10 2016 Bl-45a1h  

A Energia do seu Celular de Volta. Desempenho que Dura.
 
Lembre-se de quando a bateria do seu celular parecia infinita? Você pode ter essa sensação de volta. A solução definitiva para smartphones que perderam o fôlego: a nossa bateria de reposição de longa duração.

Chega de viver conectado à parede ou depender de power banks. Com esta bateria, você devolve ao seu celular a liberdade e a performance de quando ele era novo. Assista a vídeos, navegue na internet e use seus aplicativos favoritos com a tranquilidade de saber que sua bateria vai acompanhar seu ritmo até o fim do dia.

Por que trocar sua bateria agora?

Revitalize seu Aparelho: Restaure 100% da capacidade de carga e sinta a diferença imediata na performance.

Qualidade Superior: Componentes de primeira linha que garantem ciclos de vida mais longos e uma carga estável e segura.

Instalação Precisa: Feita sob medida para o seu dispositivo, garantindo compatibilidade total e sem adaptações.

Pare de passar nervoso com a bateria em 10%! Invista na longevidade do seu celular. 

Adquira já a sua e sinta a diferença!

Garantia de 90 dias e suporte personalizado",
realme,Bateria Para Realme 7 V5 Q2 Rmx2117 Rmx2111 Blp807,7505,89.9,,novo,"Bateria Para Realme 7 V5 Q2 Rmx2117 Rmx2111 Blp807Bateria Para LG K10 2017 46g1f  

A Energia do seu Celular de Volta. Desempenho que Dura.
 
Lembre-se de quando a bateria do seu celular parecia infinita? Você pode ter essa sensação de volta. A solução definitiva para smartphones que perderam o fôlego: a nossa bateria de reposição de longa duração.

Chega de viver conectado à parede ou depender de power banks. Com esta bateria, você devolve ao seu celular a liberdade e a performance de quando ele era novo. Assista a vídeos, navegue na internet e use seus aplicativos favoritos com a tranquilidade de saber que sua bateria vai acompanhar seu ritmo até o fim do dia.

Por que trocar sua bateria agora?

Revitalize seu Aparelho: Restaure 100% da capacidade de carga e sinta a diferença imediata na performance.

Qualidade Superior: Componentes de primeira linha que garantem ciclos de vida mais longos e uma carga estável e segura.

Instalação Precisa: Feita sob medida para o seu dispositivo, garantindo compatibilidade total e sem adaptações.

Pare de passar nervoso com a bateria em 10%! Invista na longevidade do seu celular. 

Adquira já a sua e sinta a diferença!

Garantia de 90 dias e suporte personalizado","assets/img/products/grupofixo_250_68d2cac72e64e_imagem_1.jpg, assets/img/products/grupofixo_250_68d2cac72e8a4_imagem_2.jpg, assets/img/products/grupofixo_250_68d2cac72ea21_imagem_3.jpg, assets/img/products/grupofixo_250_68d2cac72eb94_imagem_4.jpg"
infinix,Bateria Para Realme Hot 11s X6812c Bl-49gx,7506,79.9,,novo,"Bateria Para Realme Hot 11s X6812c Bl-49gxBateria Para LG K10 2017 46g1f  

A Energia do seu Celular de Volta. Desempenho que Dura.
 
Lembre-se de quando a bateria do seu celular parecia infinita? Você pode ter essa sensação de volta. A solução definitiva para smartphones que perderam o fôlego: a nossa bateria de reposição de longa duração.

Chega de viver conectado à parede ou depender de power banks. Com esta bateria, você devolve ao seu celular a liberdade e a performance de quando ele era novo. Assista a vídeos, navegue na internet e use seus aplicativos favoritos com a tranquilidade de saber que sua bateria vai acompanhar seu ritmo até o fim do dia.

Por que trocar sua bateria agora?

Revitalize seu Aparelho: Restaure 100% da capacidade de carga e sinta a diferença imediata na performance.

Qualidade Superior: Componentes de primeira linha que garantem ciclos de vida mais longos e uma carga estável e segura.

Instalação Precisa: Feita sob medida para o seu dispositivo, garantindo compatibilidade total e sem adaptações.

Pare de passar nervoso com a bateria em 10%! Invista na longevidade do seu celular. 

Adquira já a sua e sinta a diferença!

Garantia de 90 dias e suporte personalizado","assets/img/products/grupofixo_251_68d2caf1991c1_imagem_1.jpg, assets/img/products/grupofixo_251_68d2caf199410_imagem_2.jpg, assets/img/products/grupofixo_251_68d2caf199550_imagem_3.jpg"
infinix,Bateria Para Infinix Smart 5 E 6 Hot 20i E Bl-49fx,7507,79.9,,novo,"Bateria Para Infinix Smart 5 E 6 Hot 20i E Bl-49fxBateria Para K10 Pro V20 M400 Bl-44e1f  

A Energia do seu Celular de Volta. Desempenho que Dura.
 
Lembre-se de quando a bateria do seu celular parecia infinita? Você pode ter essa sensação de volta. A solução definitiva para smartphones que perderam o fôlego: a nossa bateria de reposição de longa duração.

Chega de viver conectado à parede ou depender de power banks. Com esta bateria, você devolve ao seu celular a liberdade e a performance de quando ele era novo. Assista a vídeos, navegue na internet e use seus aplicativos favoritos com a tranquilidade de saber que sua bateria vai acompanhar seu ritmo até o fim do dia.

Por que trocar sua bateria agora?

Revitalize seu Aparelho: Restaure 100% da capacidade de carga e sinta a diferença imediata na performance.

Qualidade Superior: Componentes de primeira linha que garantem ciclos de vida mais longos e uma carga estável e segura.

Instalação Precisa: Feita sob medida para o seu dispositivo, garantindo compatibilidade total e sem adaptações.

Pare de passar nervoso com a bateria em 10%! Invista na longevidade do seu celular. 

Adquira já a sua e sinta a diferença!

Garantia de 90 dias e suporte personalizado","assets/img/products/grupofixo_252_68d2cb1c4189a_imagem_1.jpg, assets/img/products/grupofixo_252_68d2cb1c41ae9_imagem_2.jpg, assets/img/products/grupofixo_252_68d2cb1c41cfe_imagem_3.jpg"
realme,Bateria Para Realme 7i Blp771,7508,99.9,5000,novo,"Bateria Para Realme 7i Blp771Bateria Para K10 Pro V20 M400 Bl-44e1f  

A Energia do seu Celular de Volta. Desempenho que Dura.
 
Lembre-se de quando a bateria do seu celular parecia infinita? Você pode ter essa sensação de volta. A solução definitiva para smartphones que perderam o fôlego: a nossa bateria de reposição de longa duração.

Chega de viver conectado à parede ou depender de power banks. Com esta bateria, você devolve ao seu celular a liberdade e a performance de quando ele era novo. Assista a vídeos, navegue na internet e use seus aplicativos favoritos com a tranquilidade de saber que sua bateria vai acompanhar seu ritmo até o fim do dia.

Por que trocar sua bateria agora?

Revitalize seu Aparelho: Restaure 100% da capacidade de carga e sinta a diferença imediata na performance.

Qualidade Superior: Componentes de primeira linha que garantem ciclos de vida mais longos e uma carga estável e segura.

Instalação Precisa: Feita sob medida para o seu dispositivo, garantindo compatibilidade total e sem adaptações.

Pare de passar nervoso com a bateria em 10%! Invista na longevidade do seu celular. 

Adquira já a sua e sinta a diferença!

Garantia de 90 dias e suporte personalizado","assets/img/products/grupofixo_253_68d2cb469aa52_imagem_1.jpg, assets/img/products/grupofixo_253_68d2cb469adb2_imagem_2.jpg, assets/img/products/grupofixo_253_68d2cb469af07_imagem_3.jpg"
realme,Bateria Para Realme C55 Blp875,7509,69.9,5000,novo,"Bateria Para Realme C55 Blp875Bateria Para LG K4 2017 K7 X230 X210 K8 X240 K9 Bl-45f1f  

A Energia do seu Celular de Volta. Desempenho que Dura.
 
Lembre-se de quando a bateria do seu celular parecia infinita? Você pode ter essa sensação de volta. A solução definitiva para smartphones que perderam o fôlego: a nossa bateria de reposição de longa duração.

Chega de viver conectado à parede ou depender de power banks. Com esta bateria, você devolve ao seu celular a liberdade e a performance de quando ele era novo. Assista a vídeos, navegue na internet e use seus aplicativos favoritos com a tranquilidade de saber que sua bateria vai acompanhar seu ritmo até o fim do dia.

Por que trocar sua bateria agora?

Revitalize seu Aparelho: Restaure 100% da capacidade de carga e sinta a diferença imediata na performance.

Qualidade Superior: Componentes de primeira linha que garantem ciclos de vida mais longos e uma carga estável e segura.

Instalação Precisa: Feita sob medida para o seu dispositivo, garantindo compatibilidade total e sem adaptações.

Pare de passar nervoso com a bateria em 10%! Invista na longevidade do seu celular. 

Adquira já a sua e sinta a diferença!

Garantia de 90 dias e suporte personalizado","assets/img/products/grupofixo_254_68d2cb7119f49_imagem_1.jpg, assets/img/products/grupofixo_254_68d2cb711a257_imagem_2.jpg, assets/img/products/grupofixo_254_68d2cb711a40d_imagem_3.jpg"
infinix,Bateria Para Infnix Note 10 Pro X695 Note 11 Pro X697 Bl49jx,7510,79.9,,novo,"Bateria Para Infnix Note 10 Pro X695 Note 11 Pro X697 Bl49jxBateria Para LG K4 2017 K7 X230 X210 K8 X240 K9 Bl-45f1f  

A Energia do seu Celular de Volta. Desempenho que Dura.
 
Lembre-se de quando a bateria do seu celular parecia infinita? Você pode ter essa sensação de volta. A solução definitiva para smartphones que perderam o fôlego: a nossa bateria de reposição de longa duração.

Chega de viver conectado à parede ou depender de power banks. Com esta bateria, você devolve ao seu celular a liberdade e a performance de quando ele era novo. Assista a vídeos, navegue na internet e use seus aplicativos favoritos com a tranquilidade de saber que sua bateria vai acompanhar seu ritmo até o fim do dia.

Por que trocar sua bateria agora?

Revitalize seu Aparelho: Restaure 100% da capacidade de carga e sinta a diferença imediata na performance.

Qualidade Superior: Componentes de primeira linha que garantem ciclos de vida mais longos e uma carga estável e segura.

Instalação Precisa: Feita sob medida para o seu dispositivo, garantindo compatibilidade total e sem adaptações.

Pare de passar nervoso com a bateria em 10%! Invista na longevidade do seu celular. 

Adquira já a sua e sinta a diferença!

Garantia de 90 dias e suporte personalizado","assets/img/products/grupofixo_255_68d2cb9bedcb4_imagem_1.jpg, assets/img/products/grupofixo_255_68d2cb9bedf66_imagem_2.jpg, assets/img/products/grupofixo_255_68d2cb9bee141_imagem_3.jpg, assets/img/products/grupofixo_255_68d2cb9bee29f_imagem_4.jpg, assets/img/products/grupofixo_255_68d2cb9bee412_imagem_5.jpg"
infinix,Bateria Para Infinix Note 11 Note 12 Pro 5g Bl-49kx,7511,79.9,,novo,"Bateria Para Infinix Note 11 Note 12 Pro 5g Bl-49kxBateria Para LG L80 L90 D375 D337 D385 Bl-54sh  

A Energia do seu Celular de Volta. Desempenho que Dura.
 
Lembre-se de quando a bateria do seu celular parecia infinita? Você pode ter essa sensação de volta. A solução definitiva para smartphones que perderam o fôlego: a nossa bateria de reposição de longa duração.

Chega de viver conectado à parede ou depender de power banks. Com esta bateria, você devolve ao seu celular a liberdade e a performance de quando ele era novo. Assista a vídeos, navegue na internet e use seus aplicativos favoritos com a tranquilidade de saber que sua bateria vai acompanhar seu ritmo até o fim do dia.

Por que trocar sua bateria agora?

Revitalize seu Aparelho: Restaure 100% da capacidade de carga e sinta a diferença imediata na performance.

Qualidade Superior: Componentes de primeira linha que garantem ciclos de vida mais longos e uma carga estável e segura.

Instalação Precisa: Feita sob medida para o seu dispositivo, garantindo compatibilidade total e sem adaptações.

Pare de passar nervoso com a bateria em 10%! Invista na longevidade do seu celular. 

Adquira já a sua e sinta a diferença!

Garantia de 90 dias e suporte personalizado","assets/img/products/grupofixo_256_68d2cbc689070_imagem_1.jpg, assets/img/products/grupofixo_256_68d2cbc6892de_imagem_2.jpg, assets/img/products/grupofixo_256_68d2cbc68943a_imagem_3.jpg, assets/img/products/grupofixo_256_68d2cbc6895cf_imagem_4.jpg"
infinix,Bateria Para Infinix Spark 8 8t Pop4 Ke5k Ke5j Kd7 Bl-49ft,7512,89.9,,novo,"Bateria Para Infinix Spark 8 8t Pop4 Ke5k Ke5j Kd7 Bl-49ftBateria Para LG L80 L90 D375 D337 D385 Bl-54sh  

A Energia do seu Celular de Volta. Desempenho que Dura.
 
Lembre-se de quando a bateria do seu celular parecia infinita? Você pode ter essa sensação de volta. A solução definitiva para smartphones que perderam o fôlego: a nossa bateria de reposição de longa duração.

Chega de viver conectado à parede ou depender de power banks. Com esta bateria, você devolve ao seu celular a liberdade e a performance de quando ele era novo. Assista a vídeos, navegue na internet e use seus aplicativos favoritos com a tranquilidade de saber que sua bateria vai acompanhar seu ritmo até o fim do dia.

Por que trocar sua bateria agora?

Revitalize seu Aparelho: Restaure 100% da capacidade de carga e sinta a diferença imediata na performance.

Qualidade Superior: Componentes de primeira linha que garantem ciclos de vida mais longos e uma carga estável e segura.

Instalação Precisa: Feita sob medida para o seu dispositivo, garantindo compatibilidade total e sem adaptações.

Pare de passar nervoso com a bateria em 10%! Invista na longevidade do seu celular. 

Adquira já a sua e sinta a diferença!

Garantia de 90 dias e suporte personalizado","assets/img/products/grupofixo_257_68d2cbf0c0a21_imagem_1.jpg, assets/img/products/grupofixo_257_68d2cbf0c0c81_imagem_2.jpg, assets/img/products/grupofixo_257_68d2cbf0c0e37_imagem_3.jpg, assets/img/products/grupofixo_257_68d2cbf0c1020_imagem_4.jpg, assets/img/products/grupofixo_257_68d2cbf0c117b_imagem_5.jpg"
infinix,Bateria Para Infinix Hot 10 Note 88i Bl51bx,7513,109.9,,novo,"Bateria Para Infinix Hot 10 Note 88i Bl51bxBateria Para LG Q6q6 Plus M700 Bl T33 C  

A Energia do seu Celular de Volta. Desempenho que Dura.
 
Lembre-se de quando a bateria do seu celular parecia infinita? Você pode ter essa sensação de volta. A solução definitiva para smartphones que perderam o fôlego: a nossa bateria de reposição de longa duração.

Chega de viver conectado à parede ou depender de power banks. Com esta bateria, você devolve ao seu celular a liberdade e a performance de quando ele era novo. Assista a vídeos, navegue na internet e use seus aplicativos favoritos com a tranquilidade de saber que sua bateria vai acompanhar seu ritmo até o fim do dia.

Por que trocar sua bateria agora?

Revitalize seu Aparelho: Restaure 100% da capacidade de carga e sinta a diferença imediata na performance.

Qualidade Superior: Componentes de primeira linha que garantem ciclos de vida mais longos e uma carga estável e segura.

Instalação Precisa: Feita sob medida para o seu dispositivo, garantindo compatibilidade total e sem adaptações.

Pare de passar nervoso com a bateria em 10%! Invista na longevidade do seu celular. 

Adquira já a sua e sinta a diferença!

Garantia de 90 dias e suporte personalizado","assets/img/products/grupofixo_258_68d2cc1b7cc05_imagem_1.jpg, assets/img/products/grupofixo_258_68d2cc1b7ce06_imagem_2.jpg, assets/img/products/grupofixo_258_68d2cc1b7cf4d_imagem_3.jpg, assets/img/products/grupofixo_258_68d2cc1b7d06e_imagem_4.jpg, assets/img/products/grupofixo_258_68d2cc1b7d15e_imagem_5.jpg, assets/img/products/grupofixo_258_68d2cc1b7d335_imagem_6.jpg"
infinix,"Bateria Para Infinix Hot 30i, Smart 7 E Smart 8 Bl49nx",7514,79.9,,novo,"Bateria Para Infinix Hot 30i, Smart 7 E Smart 8 Bl49nxBateria Para LG Q6q6 Plus M700 Bl T33 C  

A Energia do seu Celular de Volta. Desempenho que Dura.
 
Lembre-se de quando a bateria do seu celular parecia infinita? Você pode ter essa sensação de volta. A solução definitiva para smartphones que perderam o fôlego: a nossa bateria de reposição de longa duração.

Chega de viver conectado à parede ou depender de power banks. Com esta bateria, você devolve ao seu celular a liberdade e a performance de quando ele era novo. Assista a vídeos, navegue na internet e use seus aplicativos favoritos com a tranquilidade de saber que sua bateria vai acompanhar seu ritmo até o fim do dia.

Por que trocar sua bateria agora?

Revitalize seu Aparelho: Restaure 100% da capacidade de carga e sinta a diferença imediata na performance.

Qualidade Superior: Componentes de primeira linha que garantem ciclos de vida mais longos e uma carga estável e segura.

Instalação Precisa: Feita sob medida para o seu dispositivo, garantindo compatibilidade total e sem adaptações.

Pare de passar nervoso com a bateria em 10%! Invista na longevidade do seu celular. 

Adquira já a sua e sinta a diferença!

Garantia de 90 dias e suporte personalizado","assets/img/products/grupofixo_259_68d2cc45bc5d2_imagem_1.jpg, assets/img/products/grupofixo_259_68d2cc45bc84d_imagem_2.jpg, assets/img/products/grupofixo_259_68d2cc45bca38_imagem_3.jpg, assets/img/products/grupofixo_259_68d2cc45bcb83_imagem_4.jpg, assets/img/products/grupofixo_259_68d2cc45bcd08_imagem_5.jpg, assets/img/products/grupofixo_259_68d2cc45bcea9_imagem_6.jpg"
realme,Bateria Para Realme 66i6 Pro Blp757,7515,189.9,,novo,"Bateria Para Realme 66i6 Pro Blp757Bateria Para LG Q6q6 Plus M700 Bl T33 C  

A Energia do seu Celular de Volta. Desempenho que Dura.
 
Lembre-se de quando a bateria do seu celular parecia infinita? Você pode ter essa sensação de volta. A solução definitiva para smartphones que perderam o fôlego: a nossa bateria de reposição de longa duração.

Chega de viver conectado à parede ou depender de power banks. Com esta bateria, você devolve ao seu celular a liberdade e a performance de quando ele era novo. Assista a vídeos, navegue na internet e use seus aplicativos favoritos com a tranquilidade de saber que sua bateria vai acompanhar seu ritmo até o fim do dia.

Por que trocar sua bateria agora?

Revitalize seu Aparelho: Restaure 100% da capacidade de carga e sinta a diferença imediata na performance.

Qualidade Superior: Componentes de primeira linha que garantem ciclos de vida mais longos e uma carga estável e segura.

Instalação Precisa: Feita sob medida para o seu dispositivo, garantindo compatibilidade total e sem adaptações.

Pare de passar nervoso com a bateria em 10%! Invista na longevidade do seu celular. 

Adquira já a sua e sinta a diferença!

Garantia de 90 dias e suporte personalizado","assets/img/products/grupofixo_260_68d2cc713a622_imagem_1.jpg, assets/img/products/grupofixo_260_68d2cc713a870_imagem_2.jpg, assets/img/products/grupofixo_260_68d2cc713a9e0_imagem_3.jpg, assets/img/products/grupofixo_260_68d2cc713ab9a_imagem_4.jpg"
realme,Bateria Para Realme Oneplus 6t 6 T One Plus Blp685,7516,149.9,,novo,"Bateria Para Realme Oneplus 6t 6 T One Plus Blp685Bateria Para LG X Cam K580 Bl-t23  

A Energia do seu Celular de Volta. Desempenho que Dura.
 
Lembre-se de quando a bateria do seu celular parecia infinita? Você pode ter essa sensação de volta. A solução definitiva para smartphones que perderam o fôlego: a nossa bateria de reposição de longa duração.

Chega de viver conectado à parede ou depender de power banks. Com esta bateria, você devolve ao seu celular a liberdade e a performance de quando ele era novo. Assista a vídeos, navegue na internet e use seus aplicativos favoritos com a tranquilidade de saber que sua bateria vai acompanhar seu ritmo até o fim do dia.

Por que trocar sua bateria agora?

Revitalize seu Aparelho: Restaure 100% da capacidade de carga e sinta a diferença imediata na performance.

Qualidade Superior: Componentes de primeira linha que garantem ciclos de vida mais longos e uma carga estável e segura.

Instalação Precisa: Feita sob medida para o seu dispositivo, garantindo compatibilidade total e sem adaptações.

Pare de passar nervoso com a bateria em 10%! Invista na longevidade do seu celular. 

Adquira já a sua e sinta a diferença!

Garantia de 90 dias e suporte personalizado","assets/img/products/grupofixo_261_68d2cc9c11da6_imagem_1.jpg, assets/img/products/grupofixo_261_68d2cc9c11fe0_imagem_2.jpg, assets/img/products/grupofixo_261_68d2cc9c12142_imagem_3.jpg, assets/img/products/grupofixo_261_68d2cc9c12284_imagem_4.jpg, assets/img/products/grupofixo_261_68d2cc9c123ae_imagem_5.jpg"
realme,"Bateria Para Realme C11, C12, C15 E Narzo 30a Blp793",7517,139.9,,novo,"Bateria Para Realme C11, C12, C15 E Narzo 30a Blp793Bateria Para LG X Cam K580 Bl-t23  

A Energia do seu Celular de Volta. Desempenho que Dura.
 
Lembre-se de quando a bateria do seu celular parecia infinita? Você pode ter essa sensação de volta. A solução definitiva para smartphones que perderam o fôlego: a nossa bateria de reposição de longa duração.

Chega de viver conectado à parede ou depender de power banks. Com esta bateria, você devolve ao seu celular a liberdade e a performance de quando ele era novo. Assista a vídeos, navegue na internet e use seus aplicativos favoritos com a tranquilidade de saber que sua bateria vai acompanhar seu ritmo até o fim do dia.

Por que trocar sua bateria agora?

Revitalize seu Aparelho: Restaure 100% da capacidade de carga e sinta a diferença imediata na performance.

Qualidade Superior: Componentes de primeira linha que garantem ciclos de vida mais longos e uma carga estável e segura.

Instalação Precisa: Feita sob medida para o seu dispositivo, garantindo compatibilidade total e sem adaptações.

Pare de passar nervoso com a bateria em 10%! Invista na longevidade do seu celular. 

Adquira já a sua e sinta a diferença!

Garantia de 90 dias e suporte personalizado","assets/img/products/grupofixo_262_68d2ccc72601f_imagem_1.jpg, assets/img/products/grupofixo_262_68d2ccc726259_imagem_2.jpg, assets/img/products/grupofixo_262_68d2ccc726408_imagem_3.jpg, assets/img/products/grupofixo_262_68d2ccc7265a3_imagem_4.jpg, assets/img/products/grupofixo_262_68d2ccc726763_imagem_5.jpg, assets/img/products/grupofixo_262_68d2ccc7268bd_imagem_6.jpg"
infinix,Bateria Para Tecno Camon 18 Spark 10 Pro Bl-49st,7518,139.9,,novo,"Bateria Para Tecno Camon 18 Spark 10 Pro Bl-49stBateria Para LG X Cam K580 Bl-t23  

A Energia do seu Celular de Volta. Desempenho que Dura.
 
Lembre-se de quando a bateria do seu celular parecia infinita? Você pode ter essa sensação de volta. A solução definitiva para smartphones que perderam o fôlego: a nossa bateria de reposição de longa duração.

Chega de viver conectado à parede ou depender de power banks. Com esta bateria, você devolve ao seu celular a liberdade e a performance de quando ele era novo. Assista a vídeos, navegue na internet e use seus aplicativos favoritos com a tranquilidade de saber que sua bateria vai acompanhar seu ritmo até o fim do dia.

Por que trocar sua bateria agora?

Revitalize seu Aparelho: Restaure 100% da capacidade de carga e sinta a diferença imediata na performance.

Qualidade Superior: Componentes de primeira linha que garantem ciclos de vida mais longos e uma carga estável e segura.

Instalação Precisa: Feita sob medida para o seu dispositivo, garantindo compatibilidade total e sem adaptações.

Pare de passar nervoso com a bateria em 10%! Invista na longevidade do seu celular. 

Adquira já a sua e sinta a diferença!

Garantia de 90 dias e suporte personalizado","assets/img/products/grupofixo_263_68d2ccf217b80_imagem_1.jpg, assets/img/products/grupofixo_263_68d2ccf217dfe_imagem_2.jpg, assets/img/products/grupofixo_263_68d2ccf217f8c_imagem_3.jpg, assets/img/products/grupofixo_263_68d2ccf218137_imagem_4.jpg, assets/img/products/grupofixo_263_68d2ccf2182d8_imagem_5.jpg, assets/img/products/grupofixo_263_68d2ccf218461_imagem_6.jpg, assets/img/products/grupofixo_263_68d2ccf21862c_imagem_7.jpg, assets/img/products/grupofixo_263_68d2ccf218852_imagem_8.jpg"
asus,Bateria Zenfone 3 Max Zc553kl C11p1609,8005,69.9,,novo,"Bateria Zenfone 3 Max Zc553kl C11p1609Bateria Para LG X Power K220 K220ds Bl-t24  

A Energia do seu Celular de Volta. Desempenho que Dura.
 
Lembre-se de quando a bateria do seu celular parecia infinita? Você pode ter essa sensação de volta. A solução definitiva para smartphones que perderam o fôlego: a nossa bateria de reposição de longa duração.

Chega de viver conectado à parede ou depender de power banks. Com esta bateria, você devolve ao seu celular a liberdade e a performance de quando ele era novo. Assista a vídeos, navegue na internet e use seus aplicativos favoritos com a tranquilidade de saber que sua bateria vai acompanhar seu ritmo até o fim do dia.

Por que trocar sua bateria agora?

Revitalize seu Aparelho: Restaure 100% da capacidade de carga e sinta a diferença imediata na performance.

Qualidade Superior: Componentes de primeira linha que garantem ciclos de vida mais longos e uma carga estável e segura.

Instalação Precisa: Feita sob medida para o seu dispositivo, garantindo compatibilidade total e sem adaptações.

Pare de passar nervoso com a bateria em 10%! Invista na longevidade do seu celular. 

Adquira já a sua e sinta a diferença!

Garantia de 90 dias e suporte personalizado","assets/img/products/grupofixo_265_68d2cd46f31ec_imagem_1.jpg, assets/img/products/grupofixo_265_68d2cd46f3456_imagem_2.jpg"
asus,Bateria Para Asus Zenfone Max Plus M2 Zb634kl,8006,89.9,,novo,"Bateria Para Asus Zenfone Max Plus M2 Zb634klBateria Para LG X Power K220 K220ds Bl-t24  

A Energia do seu Celular de Volta. Desempenho que Dura.
 
Lembre-se de quando a bateria do seu celular parecia infinita? Você pode ter essa sensação de volta. A solução definitiva para smartphones que perderam o fôlego: a nossa bateria de reposição de longa duração.

Chega de viver conectado à parede ou depender de power banks. Com esta bateria, você devolve ao seu celular a liberdade e a performance de quando ele era novo. Assista a vídeos, navegue na internet e use seus aplicativos favoritos com a tranquilidade de saber que sua bateria vai acompanhar seu ritmo até o fim do dia.

Por que trocar sua bateria agora?

Revitalize seu Aparelho: Restaure 100% da capacidade de carga e sinta a diferença imediata na performance.

Qualidade Superior: Componentes de primeira linha que garantem ciclos de vida mais longos e uma carga estável e segura.

Instalação Precisa: Feita sob medida para o seu dispositivo, garantindo compatibilidade total e sem adaptações.

Pare de passar nervoso com a bateria em 10%! Invista na longevidade do seu celular. 

Adquira já a sua e sinta a diferença!

Garantia de 90 dias e suporte personalizado","assets/img/products/grupofixo_266_68d2cd72044f4_imagem_1.jpg, assets/img/products/grupofixo_266_68d2cd720472b_imagem_2.jpg, assets/img/products/grupofixo_266_68d2cd7204874_imagem_3.jpg, assets/img/products/grupofixo_266_68d2cd72049a5_imagem_4.jpg"
asus,Bateria Para Zenfone 5 Selfie Zc600kl 4 Ze554k,8007,89.9,,novo,"Bateria Para Zenfone 5 Selfie Zc600kl 4 Ze554kBateria Para LG X Power K220 K220ds Bl-t24  

A Energia do seu Celular de Volta. Desempenho que Dura.
 
Lembre-se de quando a bateria do seu celular parecia infinita? Você pode ter essa sensação de volta. A solução definitiva para smartphones que perderam o fôlego: a nossa bateria de reposição de longa duração.

Chega de viver conectado à parede ou depender de power banks. Com esta bateria, você devolve ao seu celular a liberdade e a performance de quando ele era novo. Assista a vídeos, navegue na internet e use seus aplicativos favoritos com a tranquilidade de saber que sua bateria vai acompanhar seu ritmo até o fim do dia.

Por que trocar sua bateria agora?

Revitalize seu Aparelho: Restaure 100% da capacidade de carga e sinta a diferença imediata na performance.

Qualidade Superior: Componentes de primeira linha que garantem ciclos de vida mais longos e uma carga estável e segura.

Instalação Precisa: Feita sob medida para o seu dispositivo, garantindo compatibilidade total e sem adaptações.

Pare de passar nervoso com a bateria em 10%! Invista na longevidade do seu celular. 

Adquira já a sua e sinta a diferença!

Garantia de 90 dias e suporte personalizado","assets/img/products/grupofixo_267_68d2cd9c72ca1_imagem_1.jpg, assets/img/products/grupofixo_267_68d2cd9c7342f_imagem_2.jpg"
asus,Bateria Zenfone 5 2018 Ze620kl C11p1708,8009,162.49,,novo,"Bateria Zenfone 5 2018 Ze620kl C11p1708Bateria Para LG E K10 Power Bl-t30 M320  

A Energia do seu Celular de Volta. Desempenho que Dura.
 
Lembre-se de quando a bateria do seu celular parecia infinita? Você pode ter essa sensação de volta. A solução definitiva para smartphones que perderam o fôlego: a nossa bateria de reposição de longa duração.

Chega de viver conectado à parede ou depender de power banks. Com esta bateria, você devolve ao seu celular a liberdade e a performance de quando ele era novo. Assista a vídeos, navegue na internet e use seus aplicativos favoritos com a tranquilidade de saber que sua bateria vai acompanhar seu ritmo até o fim do dia.

Por que trocar sua bateria agora?

Revitalize seu Aparelho: Restaure 100% da capacidade de carga e sinta a diferença imediata na performance.

Qualidade Superior: Componentes de primeira linha que garantem ciclos de vida mais longos e uma carga estável e segura.

Instalação Precisa: Feita sob medida para o seu dispositivo, garantindo compatibilidade total e sem adaptações.

Pare de passar nervoso com a bateria em 10%! Invista na longevidade do seu celular. 

Adquira já a sua e sinta a diferença!

Garantia de 90 dias e suporte personalizado","assets/img/products/grupofixo_268_68d2cdc75fd7c_imagem_1.jpg, assets/img/products/grupofixo_268_68d2cdc75ffbb_imagem_2.jpg, assets/img/products/grupofixo_268_68d2cdc760141_imagem_3.jpg, assets/img/products/grupofixo_268_68d2cdc76029b_imagem_4.jpg"
asus,Bateria C11p1506 Zenfone Go Zc500kl,8011,78.99,2000,novo,"Bateria C11p1506 Zenfone Go Zc500klBateria Para LG E K10 Power Bl-t30 M320  

A Energia do seu Celular de Volta. Desempenho que Dura.
 
Lembre-se de quando a bateria do seu celular parecia infinita? Você pode ter essa sensação de volta. A solução definitiva para smartphones que perderam o fôlego: a nossa bateria de reposição de longa duração.

Chega de viver conectado à parede ou depender de power banks. Com esta bateria, você devolve ao seu celular a liberdade e a performance de quando ele era novo. Assista a vídeos, navegue na internet e use seus aplicativos favoritos com a tranquilidade de saber que sua bateria vai acompanhar seu ritmo até o fim do dia.

Por que trocar sua bateria agora?

Revitalize seu Aparelho: Restaure 100% da capacidade de carga e sinta a diferença imediata na performance.

Qualidade Superior: Componentes de primeira linha que garantem ciclos de vida mais longos e uma carga estável e segura.

Instalação Precisa: Feita sob medida para o seu dispositivo, garantindo compatibilidade total e sem adaptações.

Pare de passar nervoso com a bateria em 10%! Invista na longevidade do seu celular. 

Adquira já a sua e sinta a diferença!

Garantia de 90 dias e suporte personalizado",assets/img/products/grupofixo_269_68d2cdf22256a_imagem_1.jpg
asus,Bateria Zenfone Live L1 Za550kl C11p1709,8012,69.9,3040,novo,"Bateria Zenfone Live L1 Za550kl C11p1709Bateria Para LG K11 Plus K11 K11 Bl-t36  

A Energia do seu Celular de Volta. Desempenho que Dura.
 
Lembre-se de quando a bateria do seu celular parecia infinita? Você pode ter essa sensação de volta. A solução definitiva para smartphones que perderam o fôlego: a nossa bateria de reposição de longa duração.

Chega de viver conectado à parede ou depender de power banks. Com esta bateria, você devolve ao seu celular a liberdade e a performance de quando ele era novo. Assista a vídeos, navegue na internet e use seus aplicativos favoritos com a tranquilidade de saber que sua bateria vai acompanhar seu ritmo até o fim do dia.

Por que trocar sua bateria agora?

Revitalize seu Aparelho: Restaure 100% da capacidade de carga e sinta a diferença imediata na performance.

Qualidade Superior: Componentes de primeira linha que garantem ciclos de vida mais longos e uma carga estável e segura.

Instalação Precisa: Feita sob medida para o seu dispositivo, garantindo compatibilidade total e sem adaptações.

Pare de passar nervoso com a bateria em 10%! Invista na longevidade do seu celular. 

Adquira já a sua e sinta a diferença!

Garantia de 90 dias e suporte personalizado","assets/img/products/grupofixo_270_68d2ce1c97db3_imagem_1.jpg, assets/img/products/grupofixo_270_68d2ce1c97fe5_imagem_2.jpg, assets/img/products/grupofixo_270_68d2ce1c98122_imagem_3.jpg"
asus,Bateria Para Asus Zenfone 6 Zs630kl C11p1806,8013,69.9,5000,novo,"Bateria Para Asus Zenfone 6 Zs630kl C11p1806Bateria Para LG K11 Plus K11 K11 Bl-t36  

A Energia do seu Celular de Volta. Desempenho que Dura.
 
Lembre-se de quando a bateria do seu celular parecia infinita? Você pode ter essa sensação de volta. A solução definitiva para smartphones que perderam o fôlego: a nossa bateria de reposição de longa duração.

Chega de viver conectado à parede ou depender de power banks. Com esta bateria, você devolve ao seu celular a liberdade e a performance de quando ele era novo. Assista a vídeos, navegue na internet e use seus aplicativos favoritos com a tranquilidade de saber que sua bateria vai acompanhar seu ritmo até o fim do dia.

Por que trocar sua bateria agora?

Revitalize seu Aparelho: Restaure 100% da capacidade de carga e sinta a diferença imediata na performance.

Qualidade Superior: Componentes de primeira linha que garantem ciclos de vida mais longos e uma carga estável e segura.

Instalação Precisa: Feita sob medida para o seu dispositivo, garantindo compatibilidade total e sem adaptações.

Pare de passar nervoso com a bateria em 10%! Invista na longevidade do seu celular. 

Adquira já a sua e sinta a diferença!

Garantia de 90 dias e suporte personalizado","assets/img/products/grupofixo_271_68d2ce46ef294_imagem_1.jpg, assets/img/products/grupofixo_271_68d2ce46ef4d3_imagem_2.jpg"
huawei,Bateria Para Huawei P8 Lite Hb3742a0ebcc,8501,183.89,,novo,"Bateria Para Huawei P8 Lite Hb3742a0ebccBateria Para LG K11 Plus K11 K11 Bl-t36  

A Energia do seu Celular de Volta. Desempenho que Dura.
 
Lembre-se de quando a bateria do seu celular parecia infinita? Você pode ter essa sensação de volta. A solução definitiva para smartphones que perderam o fôlego: a nossa bateria de reposição de longa duração.

Chega de viver conectado à parede ou depender de power banks. Com esta bateria, você devolve ao seu celular a liberdade e a performance de quando ele era novo. Assista a vídeos, navegue na internet e use seus aplicativos favoritos com a tranquilidade de saber que sua bateria vai acompanhar seu ritmo até o fim do dia.

Por que trocar sua bateria agora?

Revitalize seu Aparelho: Restaure 100% da capacidade de carga e sinta a diferença imediata na performance.

Qualidade Superior: Componentes de primeira linha que garantem ciclos de vida mais longos e uma carga estável e segura.

Instalação Precisa: Feita sob medida para o seu dispositivo, garantindo compatibilidade total e sem adaptações.

Pare de passar nervoso com a bateria em 10%! Invista na longevidade do seu celular. 

Adquira já a sua e sinta a diferença!

Garantia de 90 dias e suporte personalizado","assets/img/products/grupofixo_274_68d2cec70c3ff_imagem_1.jpg, assets/img/products/grupofixo_274_68d2cec70c635_imagem_2.jpg, assets/img/products/grupofixo_274_68d2cec70c732_imagem_3.jpg, assets/img/products/grupofixo_274_68d2cec70c853_imagem_4.jpg, assets/img/products/grupofixo_274_68d2cec70c945_imagem_5.jpg, assets/img/products/grupofixo_274_68d2cec70ca24_imagem_6.jpg"
huawei,Bateria Para Huawei P9 P10 Lite Hb366481ecw,8502,80.39,,novo,"Bateria Para Huawei P9 P10 Lite Hb366481ecwBateria Para LG K12 Plus G710 Q610 G7 Q7 Bl-t39  

A Energia do seu Celular de Volta. Desempenho que Dura.
 
Lembre-se de quando a bateria do seu celular parecia infinita? Você pode ter essa sensação de volta. A solução definitiva para smartphones que perderam o fôlego: a nossa bateria de reposição de longa duração.

Chega de viver conectado à parede ou depender de power banks. Com esta bateria, você devolve ao seu celular a liberdade e a performance de quando ele era novo. Assista a vídeos, navegue na internet e use seus aplicativos favoritos com a tranquilidade de saber que sua bateria vai acompanhar seu ritmo até o fim do dia.

Por que trocar sua bateria agora?

Revitalize seu Aparelho: Restaure 100% da capacidade de carga e sinta a diferença imediata na performance.

Qualidade Superior: Componentes de primeira linha que garantem ciclos de vida mais longos e uma carga estável e segura.

Instalação Precisa: Feita sob medida para o seu dispositivo, garantindo compatibilidade total e sem adaptações.

Pare de passar nervoso com a bateria em 10%! Invista na longevidade do seu celular. 

Adquira já a sua e sinta a diferença!

Garantia de 90 dias e suporte personalizado","assets/img/products/grupofixo_275_68d2cef23f3cd_imagem_1.jpg, assets/img/products/grupofixo_275_68d2cef23f63e_imagem_2.jpg, assets/img/products/grupofixo_275_68d2cef23f7a2_imagem_3.jpg, assets/img/products/grupofixo_275_68d2cef23f913_imagem_4.jpg, assets/img/products/grupofixo_275_68d2cef23f9f0_imagem_5.jpg, assets/img/products/grupofixo_275_68d2cef23fb06_imagem_6.jpg"
huawei,Bateria Para Huawei P Smart 2019 Hb406689ecw,8503,239.37,,novo,"Bateria Para Huawei P Smart 2019 Hb406689ecwBateria Para LG K12 Plus G710 Q610 G7 Q7 Bl-t39  

A Energia do seu Celular de Volta. Desempenho que Dura.
 
Lembre-se de quando a bateria do seu celular parecia infinita? Você pode ter essa sensação de volta. A solução definitiva para smartphones que perderam o fôlego: a nossa bateria de reposição de longa duração.

Chega de viver conectado à parede ou depender de power banks. Com esta bateria, você devolve ao seu celular a liberdade e a performance de quando ele era novo. Assista a vídeos, navegue na internet e use seus aplicativos favoritos com a tranquilidade de saber que sua bateria vai acompanhar seu ritmo até o fim do dia.

Por que trocar sua bateria agora?

Revitalize seu Aparelho: Restaure 100% da capacidade de carga e sinta a diferença imediata na performance.

Qualidade Superior: Componentes de primeira linha que garantem ciclos de vida mais longos e uma carga estável e segura.

Instalação Precisa: Feita sob medida para o seu dispositivo, garantindo compatibilidade total e sem adaptações.

Pare de passar nervoso com a bateria em 10%! Invista na longevidade do seu celular. 

Adquira já a sua e sinta a diferença!

Garantia de 90 dias e suporte personalizado","assets/img/products/grupofixo_276_68d2cf1cdbe9c_imagem_1.jpg, assets/img/products/grupofixo_276_68d2cf1cdc0f1_imagem_2.jpg, assets/img/products/grupofixo_276_68d2cf1cdc283_imagem_3.jpg, assets/img/products/grupofixo_276_68d2cf1cdc3af_imagem_4.jpg, assets/img/products/grupofixo_276_68d2cf1cdc50d_imagem_5.jpg, assets/img/products/grupofixo_276_68d2cf1cdc60a_imagem_6.jpg"
huawei,Bateria Para Huawei P8lite P6 Hb3242a0ezc,8504,137.89,,novo,"Bateria Para Huawei P8lite P6 Hb3242a0ezcBateria Para LG K12 Maxprime Q60 X430 X520 X525 Bl-t44  

A Energia do seu Celular de Volta. Desempenho que Dura.
 
Lembre-se de quando a bateria do seu celular parecia infinita? Você pode ter essa sensação de volta. A solução definitiva para smartphones que perderam o fôlego: a nossa bateria de reposição de longa duração.

Chega de viver conectado à parede ou depender de power banks. Com esta bateria, você devolve ao seu celular a liberdade e a performance de quando ele era novo. Assista a vídeos, navegue na internet e use seus aplicativos favoritos com a tranquilidade de saber que sua bateria vai acompanhar seu ritmo até o fim do dia.

Por que trocar sua bateria agora?

Revitalize seu Aparelho: Restaure 100% da capacidade de carga e sinta a diferença imediata na performance.

Qualidade Superior: Componentes de primeira linha que garantem ciclos de vida mais longos e uma carga estável e segura.

Instalação Precisa: Feita sob medida para o seu dispositivo, garantindo compatibilidade total e sem adaptações.

Pare de passar nervoso com a bateria em 10%! Invista na longevidade do seu celular. 

Adquira já a sua e sinta a diferença!

Garantia de 90 dias e suporte personalizado","assets/img/products/grupofixo_277_68d2cf47a2442_imagem_1.jpg, assets/img/products/grupofixo_277_68d2cf47a2692_imagem_2.jpg, assets/img/products/grupofixo_277_68d2cf47a2863_imagem_3.jpg, assets/img/products/grupofixo_277_68d2cf47a2976_imagem_4.jpg, assets/img/products/grupofixo_277_68d2cf47a2a82_imagem_5.jpg, assets/img/products/grupofixo_277_68d2cf47a2b75_imagem_6.jpg"
huawei,Bateria Para Huawei P20 Lite Hb386483ecw,8505,183.89,,novo,"Bateria Para Huawei P20 Lite Hb386483ecwBateria Para LG K12 Maxprime Q60 X430 X520 X525 Bl-t44  

A Energia do seu Celular de Volta. Desempenho que Dura.
 
Lembre-se de quando a bateria do seu celular parecia infinita? Você pode ter essa sensação de volta. A solução definitiva para smartphones que perderam o fôlego: a nossa bateria de reposição de longa duração.

Chega de viver conectado à parede ou depender de power banks. Com esta bateria, você devolve ao seu celular a liberdade e a performance de quando ele era novo. Assista a vídeos, navegue na internet e use seus aplicativos favoritos com a tranquilidade de saber que sua bateria vai acompanhar seu ritmo até o fim do dia.

Por que trocar sua bateria agora?

Revitalize seu Aparelho: Restaure 100% da capacidade de carga e sinta a diferença imediata na performance.

Qualidade Superior: Componentes de primeira linha que garantem ciclos de vida mais longos e uma carga estável e segura.

Instalação Precisa: Feita sob medida para o seu dispositivo, garantindo compatibilidade total e sem adaptações.

Pare de passar nervoso com a bateria em 10%! Invista na longevidade do seu celular. 

Adquira já a sua e sinta a diferença!

Garantia de 90 dias e suporte personalizado","assets/img/products/grupofixo_278_68d2cf72e392c_imagem_1.jpg, assets/img/products/grupofixo_278_68d2cf72e3b7b_imagem_2.jpg, assets/img/products/grupofixo_278_68d2cf72e3cfa_imagem_3.jpg, assets/img/products/grupofixo_278_68d2cf72e3e66_imagem_4.jpg, assets/img/products/grupofixo_278_68d2cf72e3f8b_imagem_5.jpg, assets/img/products/grupofixo_278_68d2cf72e409b_imagem_6.jpg"
huawei,Bateria Para Huawei P30 Lite Hb436380ecw,8507,225.87,,novo,"Bateria Para Huawei P30 Lite Hb436380ecwBateria Para LG K12 Maxprime Q60 X430 X520 X525 Bl-t44  

A Energia do seu Celular de Volta. Desempenho que Dura.
 
Lembre-se de quando a bateria do seu celular parecia infinita? Você pode ter essa sensação de volta. A solução definitiva para smartphones que perderam o fôlego: a nossa bateria de reposição de longa duração.

Chega de viver conectado à parede ou depender de power banks. Com esta bateria, você devolve ao seu celular a liberdade e a performance de quando ele era novo. Assista a vídeos, navegue na internet e use seus aplicativos favoritos com a tranquilidade de saber que sua bateria vai acompanhar seu ritmo até o fim do dia.

Por que trocar sua bateria agora?

Revitalize seu Aparelho: Restaure 100% da capacidade de carga e sinta a diferença imediata na performance.

Qualidade Superior: Componentes de primeira linha que garantem ciclos de vida mais longos e uma carga estável e segura.

Instalação Precisa: Feita sob medida para o seu dispositivo, garantindo compatibilidade total e sem adaptações.

Pare de passar nervoso com a bateria em 10%! Invista na longevidade do seu celular. 

Adquira já a sua e sinta a diferença!

Garantia de 90 dias e suporte personalizado","assets/img/products/grupofixo_280_68d2cfc80e2a1_imagem_1.jpg, assets/img/products/grupofixo_280_68d2cfc80e516_imagem_2.jpg, assets/img/products/grupofixo_280_68d2cfc80e68d_imagem_3.jpg, assets/img/products/grupofixo_280_68d2cfc80e882_imagem_4.jpg, assets/img/products/grupofixo_280_68d2cfc80e9e8_imagem_5.jpg, assets/img/products/grupofixo_280_68d2cfc80eb48_imagem_6.jpg"